State,Neurons,NSCs
Euchromatin,1.5817223198594026,5.272407732864675
Heterochromatin,8.084358523725834,0.0
Mixed,90.33391915641477,94.72759226713534
