State,Neurons,NSCs
Euchromatin,0.5037783375314862,2.518891687657431
Heterochromatin,7.052896725440807,0.7556675062972292
Mixed,92.44332493702771,96.72544080604534
