State,Neurons,NSCs
Heterochromatin,0.13605442176870747,0.0
Mixed,99.8639455782313,100.0
