State,Neurons,NSCs
Euchromatin,7.07482993197279,15.510204081632653
Heterochromatin,2.312925170068027,0.0
Mixed,90.61224489795919,84.48979591836735
