State,Neurons,NSCs
Euchromatin,3.273809523809524,9.970238095238097
Heterochromatin,3.869047619047619,0.0
Mixed,92.85714285714286,90.02976190476191
