Cell Type,Mean Ratio Change,Median Ratio Change
Neurons,-0.14211923629457915,-0.1452561136355984
NSCs,0.018417707821479674,0.0279486068680556
