State,Neurons,NSCs
Euchromatin,6.273764258555133,12.547528517110266
Heterochromatin,3.4220532319391634,0.0
Mixed,90.30418250950571,87.45247148288973
