State,Neurons,NSCs
Euchromatin,2.689075630252101,8.739495798319327
Heterochromatin,6.890756302521009,0.33613445378151263
Mixed,90.4201680672269,90.92436974789916
