State,Neurons,NSCs
Euchromatin,4.585152838427948,16.812227074235807
Heterochromatin,1.7467248908296942,0.0
Mixed,93.66812227074236,83.1877729257642
