State,Neurons,NSCs
Euchromatin,2.0746887966804977,4.149377593360995
Heterochromatin,9.95850622406639,0.4149377593360996
Mixed,87.96680497925311,95.4356846473029
