State,Neurons,NSCs
Heterochromatin,0.2074688796680498,0.0
Mixed,99.79253112033194,100.0
