State,Neurons,NSCs
Mixed,92.79907084785134,85.01742160278745
Euchromatin,4.994192799070848,14.750290360046458
Heterochromatin,2.2067363530778166,0.23228803716608595
