State,Neurons,NSCs
Heterochromatin,0.0,0.3968253968253968
Mixed,100.0,99.60317460317461
