State,Neurons,NSCs
Mixed,89.97134670487105,83.95415472779369
Euchromatin,6.303724928366762,15.759312320916905
Heterochromatin,3.7249283667621778,0.28653295128939826
