State,Neurons,NSCs
Euchromatin,2.2357723577235773,5.691056910569105
Heterochromatin,7.520325203252034,0.20325203252032523
Mixed,90.2439024390244,94.10569105691057
