	A_to_B	B_to_A	p_value
NSC_GFP vs Neu_GFP	8.566473668130097	5.4169516660519035	0.024439498335388273
