cell_type,B,B->A,A->B,A
NSC_GFP,1.1861434378714724,0.00036688630927048327,0.0,3.5059655713887383
NSC_vs_Neu,4.101788937644002,0.0033019767834343494,0.02274695117476996,0.7110256673661965
Neu_GFP,5.178967141662142,0.008438385113221114,0.00036688630927048327,1.2312704539117418
