State,Neurons,NSCs
Euchromatin,5.687203791469194,15.876777251184834
Heterochromatin,4.028436018957346,0.0
Mixed,90.28436018957346,84.12322274881517
