State,Neurons,NSCs
Euchromatin,1.550387596899225,5.426356589147287
Heterochromatin,3.875968992248062,0.0
Mixed,94.57364341085271,94.57364341085271
