State,Neurons,NSCs
Euchromatin,2.366863905325444,6.21301775147929
Heterochromatin,7.396449704142012,0.0
Mixed,90.23668639053254,93.78698224852072
