	A_to_B	B_to_A	p_value
Neu_GFP vs Neu_M2	0.0	0.039581066453406394	0.366228856976864
NSC_GFP vs NSC_M2	0.011308876129544683	0.42408285485792563	0.015125747087538149
