State,Neurons,NSCs
Euchromatin,2.8273809523809526,10.863095238095239
Heterochromatin,2.976190476190476,0.0
Mixed,94.19642857142857,89.13690476190477
