State,Neurons,NSCs
Euchromatin,1.483679525222552,5.934718100890208
Heterochromatin,5.341246290801187,0.0
Mixed,93.17507418397626,94.06528189910979
