	A_to_B	B_to_A
Neu_GFP vs Neu_M2	0.0	0.0202416819917645
NSC_GFP vs NSC_M2	0.0006144112401181627	0.011308876129544683
