State,Neurons,NSCs
Euchromatin,1.4084507042253522,2.112676056338028
Heterochromatin,7.042253521126761,0.0
Mixed,91.54929577464789,97.88732394366197
