State,Neurons,NSCs
Euchromatin,5.457746478873239,13.908450704225354
Heterochromatin,2.2887323943661975,0.0
Mixed,92.25352112676056,86.09154929577466
