State,Neurons,NSCs
Euchromatin,3.296703296703297,11.233211233211234
Heterochromatin,4.517704517704518,0.1221001221001221
Mixed,92.18559218559218,88.64468864468864
