State,Neurons,NSCs
Heterochromatin,0.1221001221001221,0.0
Mixed,99.87789987789988,100.0
