State,Neurons,NSCs
Euchromatin,0.3968253968253968,0.0
Heterochromatin,3.968253968253968,0.0
Mixed,95.63492063492063,100.0
