chrom	start	end	score_gfp	n_bins_gfp	coverage_gfp	score_m2	n_bins_m2	coverage_m2	ratio_change
chr11	10350000	10500000	0.18606246666666668	3	1.0	0.07975729999999999	3	1.0	-0.10630516666666669
chr12	119700000	119850000	0.16763793333333335	3	1.0	0.05138483333333333	3	1.0	-0.11625310000000003
chr18	90150000	90300000	0.19846166666666668	3	1.0	0.09712426666666667	3	1.0	-0.10133740000000001
chr8	100950000	101100000	0.018186333333333332	3	1.0	-0.0863032	3	1.0	-0.10448953333333333
chr9	124200000	124350000	0.4148188	3	1.0	0.3125909333333333	3	1.0	-0.10222786666666667
chrY	4050000	4200000	0.2568786666666667	3	1.0	0.13722926666666665	3	1.0	-0.11964940000000004
chrY	90750000	90900000	0.4109109999999999	2	0.6666666666666666	0.301309	2	0.6666666666666666	-0.10960199999999992
