chrom	start	end	score_gfp	n_bins_gfp	coverage_gfp	score_m2	n_bins_m2	coverage_m2	ratio_change
chr11	37350000	37500000	-0.168378	3	1.0	-0.046312700000000005	3	1.0	0.12206529999999999
chr16	74250000	74400000	-0.22264966666666663	3	1.0	-0.10382326666666666	3	1.0	0.11882639999999997
