State,Neurons,NSCs
Mixed,99.70414201183432,99.70414201183432
Heterochromatin,0.2958579881656805,0.2958579881656805
