	A_to_B	B_to_A	p_value
Neu_GFP vs Neu_M2	0.0	0.0	0.25274698670235757
NSC_GFP vs NSC_M2	0.0	0.0	0.012666523410122314
